[
  {
    "name": "IBNS2.0-Configuration",
    "description": "IBNS2.0 Policy Configurations to be added to Target. Must be added before Templates use them.",
    "tags": [],
    "deviceTypes": [
      {
        "productFamily": "Switches and Hubs",
        "productSeries": "Cisco Catalyst 9300 Series Switches"
      }
    ],
    "softwareType": "IOS",
    "softwareVariant": "XE",
    "templateContent": "{# IBNS configurations build #}\n!\n{# Classifications #}\nclass-map type control subscriber match-all AAA_SVR_DOWN_AUTHD_HOST\n match authorization-status authorized\n match result-type aaa-timeout\n!\nclass-map type control subscriber match-all AAA_SVR_DOWN_UNAUTHD_HOST\n match authorization-status unauthorized\n match result-type aaa-timeout\n!\nclass-map type control subscriber match-all AUTHC_SUCCESS-AUTHZ_FAIL\n match authorization-status unauthorized\n match result-type success\n!\nclass-map type control subscriber match-all DOT1X\n match method dot1x\n!\nclass-map type control subscriber match-all DOT1X_FAILED\n match method dot1x\n match result-type method dot1x authoritative\n!\nclass-map type control subscriber match-all DOT1X_MEDIUM_PRIO\n match authorizing-method-priority gt 20\n!\nclass-map type control subscriber match-all DOT1X_NO_RESP\n match method dot1x\n match result-type method dot1x agent-not-found\n!\nclass-map type control subscriber match-all DOT1X_TIMEOUT\n match method dot1x\n match result-type method dot1x method-timeout\n!\nclass-map type control subscriber match-any IN_CRITICAL_AUTH\n match activated-service-template DefaultCriticalVoice_SRV_TEMPLATE\n!\nclass-map type control subscriber match-any IN_CRITICAL_AUTH_CLOSED_MODE\n match activated-service-template DefaultCriticalAuthVlan_SRV_TEMPLATE\n match activated-service-template DefaultCriticalVoice_SRV_TEMPLATE\n!\nclass-map type control subscriber match-all MAB\n match method mab\n!\nclass-map type control subscriber match-all MAB_FAILED\n match method mab\n match result-type method mab authoritative\n!\nclass-map type control subscriber match-none NOT_IN_CRITICAL_AUTH\n match activated-service-template DefaultCriticalVoice_SRV_TEMPLATE\n!\nclass-map type control subscriber match-none NOT_IN_CRITICAL_AUTH_CLOSED_MODE\n match activated-service-template DefaultCriticalAuthVlan_SRV_TEMPLATE\n match activated-service-template DefaultCriticalVoice_SRV_TEMPLATE\n!\n{# Policy Maps #}\n{# CLOSED 1X then MAB Template #}\npolicy-map type control subscriber PMAP_DefaultWiredDot1xClosedAuth_1X_MAB\n event session-started match-all\n  10 class always do-until-failure\n   10 authenticate using dot1x retries 2 retry-time 0 priority 10\n event authentication-failure match-first\n  5 class DOT1X_FAILED do-until-failure\n   10 terminate dot1x\n   20 authenticate using mab priority 20\n  10 class AAA_SVR_DOWN_UNAUTHD_HOST do-until-failure\n   30 authorize\n   40 pause reauthentication\n  20 class AAA_SVR_DOWN_AUTHD_HOST do-until-failure\n   10 pause reauthentication\n   20 authorize\n  30 class DOT1X_NO_RESP do-until-failure\n   10 terminate dot1x\n   20 authenticate using mab priority 20\n  40 class MAB_FAILED do-until-failure\n   10 terminate mab\n   20 authentication-restart 60\n  50 class DOT1X_TIMEOUT do-until-failure\n   10 terminate dot1x\n   20 authenticate using mab priority 20\n  60 class always do-until-failure\n   10 terminate dot1x\n   20 terminate mab\n   30 authentication-restart 60\n event aaa-available match-all\n  10 class IN_CRITICAL_AUTH_CLOSED_MODE do-until-failure\n   10 clear-session\n  20 class NOT_IN_CRITICAL_AUTH_CLOSED_MODE do-until-failure\n   10 resume reauthentication\n event agent-found match-all\n  10 class always do-until-failure\n   10 terminate mab\n   20 authenticate using dot1x retries 2 retry-time 0 priority 10\n event inactivity-timeout match-all\n  10 class always do-until-failure\n   10 clear-session\n event authentication-success match-all\n event violation match-all\n  10 class always do-until-failure\n   10 restrict\n event authorization-failure match-all\n  10 class AUTHC_SUCCESS-AUTHZ_FAIL do-until-failure\n   10 authentication-restart 60\n!\n{# CLOSED MAB then 1X Template #}\npolicy-map type control subscriber PMAP_DefaultWiredDot1xClosedAuth_MAB_1X\n event session-started match-all\n  10 class always do-until-failure\n   10 authenticate using mab priority 20\n event authentication-failure match-first\n  5 class DOT1X_FAILED do-until-failure\n   10 terminate dot1x\n   20 authentication-restart 60\n  10 class AAA_SVR_DOWN_UNAUTHD_HOST do-until-failure\n   30 authorize\n   40 pause reauthentication\n  20 class AAA_SVR_DOWN_AUTHD_HOST do-until-failure\n   10 pause reauthentication\n   20 authorize\n  30 class MAB_FAILED do-until-failure\n   10 terminate mab\n   20 authenticate using dot1x retries 2 retry-time 0 priority 10\n  40 class DOT1X_NO_RESP do-until-failure\n   10 terminate dot1x\n   20 authentication-restart 60\n  50 class DOT1X_TIMEOUT do-until-failure\n   10 terminate dot1x\n   20 authenticate using mab priority 20\n  60 class always do-until-failure\n   10 terminate mab\n   20 terminate dot1x\n   30 authentication-restart 60\n event aaa-available match-all\n  10 class IN_CRITICAL_AUTH_CLOSED_MODE do-until-failure\n   10 clear-session\n  20 class NOT_IN_CRITICAL_AUTH_CLOSED_MODE do-until-failure\n   10 resume reauthentication\n event agent-found match-all\n  10 class always do-until-failure\n   10 terminate mab\n   20 authenticate using dot1x retries 2 retry-time 0 priority 10\n event inactivity-timeout match-all\n  10 class always do-until-failure\n   10 clear-session\n event authentication-success match-all\n event violation match-all\n  10 class always do-until-failure\n   10 restrict\n event authorization-failure match-all\n  10 class AUTHC_SUCCESS-AUTHZ_FAIL do-until-failure\n   10 authentication-restart 60\n!\n{# LOW IMPACT 1X then MAB Template #}\npolicy-map type control subscriber PMAP_DefaultWiredDot1xLowImpactAuth_1X_MAB\n event session-started match-all\n  10 class always do-until-failure\n   10 authenticate using dot1x retries 2 retry-time 0 priority 10\n event authentication-failure match-first\n  5 class DOT1X_FAILED do-until-failure\n   10 terminate dot1x\n   20 authenticate using mab priority 20\n  10 class AAA_SVR_DOWN_UNAUTHD_HOST do-until-failure\n   25 activate service-template DefaultCriticalAccess_SRV_TEMPLATE\n   30 authorize\n   40 pause reauthentication\n  20 class AAA_SVR_DOWN_AUTHD_HOST do-until-failure\n   10 pause reauthentication\n   20 authorize\n  30 class DOT1X_NO_RESP do-until-failure\n   10 terminate dot1x\n   20 authenticate using mab priority 20\n  40 class MAB_FAILED do-until-failure\n   10 terminate mab\n   20 authentication-restart 60\n  50 class DOT1X_TIMEOUT do-until-failure\n   10 terminate dot1x\n   20 authenticate using mab priority 20\n  60 class always do-until-failure\n   10 terminate dot1x\n   20 terminate mab\n   30 authentication-restart 60\n event aaa-available match-all\n  10 class IN_CRITICAL_AUTH do-until-failure\n   10 clear-session\n  20 class NOT_IN_CRITICAL_AUTH do-until-failure\n   10 resume reauthentication\n event agent-found match-all\n  10 class always do-until-failure\n   10 terminate mab\n   20 authenticate using dot1x retries 2 retry-time 0 priority 10\n event inactivity-timeout match-all\n  10 class always do-until-failure\n   10 clear-session\n event authentication-success match-all\n event violation match-all\n  10 class always do-until-failure\n   10 restrict\n event authorization-failure match-all\n  10 class AUTHC_SUCCESS-AUTHZ_FAIL do-until-failure\n   10 authentication-restart 60\n!\n{# LOW IMPACT MAB then 1X Template #}\npolicy-map type control subscriber PMAP_DefaultWiredDot1xLowImpactAuth_MAB_1X\n event session-started match-all\n  10 class always do-until-failure\n   10 authenticate using mab priority 20\n event authentication-failure match-first\n  5 class DOT1X_FAILED do-until-failure\n   10 terminate dot1x\n   20 authentication-restart 60\n  10 class AAA_SVR_DOWN_UNAUTHD_HOST do-until-failure\n   25 activate service-template DefaultCriticalAccess_SRV_TEMPLATE\n   30 authorize\n   40 pause reauthentication\n  20 class AAA_SVR_DOWN_AUTHD_HOST do-until-failure\n   10 pause reauthentication\n   20 authorize\n  30 class MAB_FAILED do-until-failure\n   10 terminate mab\n   20 authenticate using dot1x retries 2 retry-time 0 priority 10\n  40 class DOT1X_NO_RESP do-until-failure\n   10 terminate dot1x\n   20 authentication-restart 60\n  50 class DOT1X_TIMEOUT do-until-failure\n   10 terminate dot1x\n   20 authenticate using mab priority 20\n  60 class always do-until-failure\n   10 terminate mab\n   20 terminate dot1x\n   30 authentication-restart 60\n event aaa-available match-all\n  10 class IN_CRITICAL_AUTH do-until-failure\n   10 clear-session\n  20 class NOT_IN_CRITICAL_AUTH do-until-failure\n   10 resume reauthentication\n event agent-found match-all\n  10 class always do-until-failure\n   10 terminate mab\n   20 authenticate using dot1x retries 2 retry-time 0 priority 10\n event inactivity-timeout match-all\n  10 class always do-until-failure\n   10 clear-session\n event authentication-success match-all\n event violation match-all\n  10 class always do-until-failure\n   10 restrict\n event authorization-failure match-all\n  10 class AUTHC_SUCCESS-AUTHZ_FAIL do-until-failure\n   10 authentication-restart 60\n!\n{# Open 1X then MAB Template #}\npolicy-map type control subscriber PMAP_DefaultWiredDot1xOpenAuth_1X_MAB\n event session-started match-all\n  10 class always do-until-failure\n   10 authenticate using dot1x retries 2 retry-time 0 priority 10\n event authentication-failure match-first\n  5 class DOT1X_FAILED do-until-failure\n   10 terminate dot1x\n   20 authenticate using mab priority 20\n  10 class AAA_SVR_DOWN_UNAUTHD_HOST do-until-failure\n   30 authorize\n   40 pause reauthentication\n  20 class AAA_SVR_DOWN_AUTHD_HOST do-until-failure\n   10 pause reauthentication\n   20 authorize\n  30 class DOT1X_NO_RESP do-until-failure\n   10 terminate dot1x\n   20 authenticate using mab priority 20\n  40 class MAB_FAILED do-until-failure\n   10 terminate mab\n   20 authentication-restart 60\n  50 class DOT1X_TIMEOUT do-until-failure\n   10 terminate dot1x\n   20 authenticate using mab priority 20\n  60 class always do-until-failure\n   10 terminate dot1x\n   20 terminate mab\n   30 authentication-restart 60\n event aaa-available match-all\n  10 class IN_CRITICAL_AUTH do-until-failure\n   10 clear-session\n  20 class NOT_IN_CRITICAL_AUTH do-until-failure\n   10 resume reauthentication\n event agent-found match-all\n  10 class always do-until-failure\n   10 terminate mab\n   20 authenticate using dot1x retries 2 retry-time 0 priority 10\n event inactivity-timeout match-all\n  10 class always do-until-failure\n   10 clear-session\n event authentication-success match-all\n event violation match-all\n  10 class always do-until-failure\n   10 restrict\n event authorization-failure match-all\n  10 class AUTHC_SUCCESS-AUTHZ_FAIL do-until-failure\n   10 authentication-restart 60\n!\n{# Open MAB then 1X Template #}\npolicy-map type control subscriber PMAP_DefaultWiredDot1xOpenAuth_MAB_1X\n event session-started match-all\n  10 class always do-until-failure\n   10 authenticate using mab priority 20\n event authentication-failure match-first\n  5 class DOT1X_FAILED do-until-failure\n   10 terminate dot1x\n   20 authentication-restart 60\n  10 class AAA_SVR_DOWN_UNAUTHD_HOST do-until-failure\n   30 authorize\n   40 pause reauthentication\n  20 class AAA_SVR_DOWN_AUTHD_HOST do-until-failure\n   10 pause reauthentication\n   20 authorize\n  30 class MAB_FAILED do-until-failure\n   10 terminate mab\n   20 authenticate using dot1x retries 2 retry-time 0 priority 10\n  40 class DOT1X_NO_RESP do-until-failure\n   10 terminate dot1x\n   20 authentication-restart 60\n  50 class DOT1X_TIMEOUT do-until-failure\n   10 terminate dot1x\n   20 authenticate using mab priority 20\n  60 class always do-until-failure\n   10 terminate mab\n   20 terminate dot1x\n   30 authentication-restart 60\n event aaa-available match-all\n  10 class IN_CRITICAL_AUTH do-until-failure\n   10 clear-session\n  20 class NOT_IN_CRITICAL_AUTH do-until-failure\n   10 resume reauthentication\n event agent-found match-all\n  10 class always do-until-failure\n   10 terminate mab\n   20 authenticate using dot1x retries 2 retry-time 0 priority 10\n event inactivity-timeout match-all\n  10 class always do-until-failure\n   10 clear-session\n event authentication-success match-all\n event violation match-all\n  10 class always do-until-failure\n   10 restrict\n event authorization-failure match-all\n  10 class AUTHC_SUCCESS-AUTHZ_FAIL do-until-failure\n   10 authentication-restart 60\n!\n{# CTS SGACL Enforcement #}\ncts role-based enforcement\n{% macro configure_cts(vlanpairs) %}\n  cts role-based enforcement vlan-list 1,{{ vlanpairs|join(',', attribute='vlan') }}\n{% endmacro %} \n!",
    "rollbackTemplateContent": "",
    "templateParams": [],
    "rollbackTemplateParams": [],
    "composite": false,
    "containingTemplates": [],
    "language": "JINJA",
    "promotedTemplateContent": "{# IBNS configurations build #}\n!\n{# Classifications #}\nclass-map type control subscriber match-all AAA_SVR_DOWN_AUTHD_HOST\n match authorization-status authorized\n match result-type aaa-timeout\n!\nclass-map type control subscriber match-all AAA_SVR_DOWN_UNAUTHD_HOST\n match authorization-status unauthorized\n match result-type aaa-timeout\n!\nclass-map type control subscriber match-all AUTHC_SUCCESS-AUTHZ_FAIL\n match authorization-status unauthorized\n match result-type success\n!\nclass-map type control subscriber match-all DOT1X\n match method dot1x\n!\nclass-map type control subscriber match-all DOT1X_FAILED\n match method dot1x\n match result-type method dot1x authoritative\n!\nclass-map type control subscriber match-all DOT1X_MEDIUM_PRIO\n match authorizing-method-priority gt 20\n!\nclass-map type control subscriber match-all DOT1X_NO_RESP\n match method dot1x\n match result-type method dot1x agent-not-found\n!\nclass-map type control subscriber match-all DOT1X_TIMEOUT\n match method dot1x\n match result-type method dot1x method-timeout\n!\nclass-map type control subscriber match-any IN_CRITICAL_AUTH\n match activated-service-template DefaultCriticalVoice_SRV_TEMPLATE\n!\nclass-map type control subscriber match-any IN_CRITICAL_AUTH_CLOSED_MODE\n match activated-service-template DefaultCriticalAuthVlan_SRV_TEMPLATE\n match activated-service-template DefaultCriticalVoice_SRV_TEMPLATE\n!\nclass-map type control subscriber match-all MAB\n match method mab\n!\nclass-map type control subscriber match-all MAB_FAILED\n match method mab\n match result-type method mab authoritative\n!\nclass-map type control subscriber match-none NOT_IN_CRITICAL_AUTH\n match activated-service-template DefaultCriticalVoice_SRV_TEMPLATE\n!\nclass-map type control subscriber match-none NOT_IN_CRITICAL_AUTH_CLOSED_MODE\n match activated-service-template DefaultCriticalAuthVlan_SRV_TEMPLATE\n match activated-service-template DefaultCriticalVoice_SRV_TEMPLATE\n!\n{# Policy Maps #}\n{# CLOSED 1X then MAB Template #}\npolicy-map type control subscriber PMAP_DefaultWiredDot1xClosedAuth_1X_MAB\n event session-started match-all\n  10 class always do-until-failure\n   10 authenticate using dot1x retries 2 retry-time 0 priority 10\n event authentication-failure match-first\n  5 class DOT1X_FAILED do-until-failure\n   10 terminate dot1x\n   20 authenticate using mab priority 20\n  10 class AAA_SVR_DOWN_UNAUTHD_HOST do-until-failure\n   30 authorize\n   40 pause reauthentication\n  20 class AAA_SVR_DOWN_AUTHD_HOST do-until-failure\n   10 pause reauthentication\n   20 authorize\n  30 class DOT1X_NO_RESP do-until-failure\n   10 terminate dot1x\n   20 authenticate using mab priority 20\n  40 class MAB_FAILED do-until-failure\n   10 terminate mab\n   20 authentication-restart 60\n  50 class DOT1X_TIMEOUT do-until-failure\n   10 terminate dot1x\n   20 authenticate using mab priority 20\n  60 class always do-until-failure\n   10 terminate dot1x\n   20 terminate mab\n   30 authentication-restart 60\n event aaa-available match-all\n  10 class IN_CRITICAL_AUTH_CLOSED_MODE do-until-failure\n   10 clear-session\n  20 class NOT_IN_CRITICAL_AUTH_CLOSED_MODE do-until-failure\n   10 resume reauthentication\n event agent-found match-all\n  10 class always do-until-failure\n   10 terminate mab\n   20 authenticate using dot1x retries 2 retry-time 0 priority 10\n event inactivity-timeout match-all\n  10 class always do-until-failure\n   10 clear-session\n event authentication-success match-all\n event violation match-all\n  10 class always do-until-failure\n   10 restrict\n event authorization-failure match-all\n  10 class AUTHC_SUCCESS-AUTHZ_FAIL do-until-failure\n   10 authentication-restart 60\n!\n{# CLOSED MAB then 1X Template #}\npolicy-map type control subscriber PMAP_DefaultWiredDot1xClosedAuth_MAB_1X\n event session-started match-all\n  10 class always do-until-failure\n   10 authenticate using mab priority 20\n event authentication-failure match-first\n  5 class DOT1X_FAILED do-until-failure\n   10 terminate dot1x\n   20 authentication-restart 60\n  10 class AAA_SVR_DOWN_UNAUTHD_HOST do-until-failure\n   30 authorize\n   40 pause reauthentication\n  20 class AAA_SVR_DOWN_AUTHD_HOST do-until-failure\n   10 pause reauthentication\n   20 authorize\n  30 class MAB_FAILED do-until-failure\n   10 terminate mab\n   20 authenticate using dot1x retries 2 retry-time 0 priority 10\n  40 class DOT1X_NO_RESP do-until-failure\n   10 terminate dot1x\n   20 authentication-restart 60\n  50 class DOT1X_TIMEOUT do-until-failure\n   10 terminate dot1x\n   20 authenticate using mab priority 20\n  60 class always do-until-failure\n   10 terminate mab\n   20 terminate dot1x\n   30 authentication-restart 60\n event aaa-available match-all\n  10 class IN_CRITICAL_AUTH_CLOSED_MODE do-until-failure\n   10 clear-session\n  20 class NOT_IN_CRITICAL_AUTH_CLOSED_MODE do-until-failure\n   10 resume reauthentication\n event agent-found match-all\n  10 class always do-until-failure\n   10 terminate mab\n   20 authenticate using dot1x retries 2 retry-time 0 priority 10\n event inactivity-timeout match-all\n  10 class always do-until-failure\n   10 clear-session\n event authentication-success match-all\n event violation match-all\n  10 class always do-until-failure\n   10 restrict\n event authorization-failure match-all\n  10 class AUTHC_SUCCESS-AUTHZ_FAIL do-until-failure\n   10 authentication-restart 60\n!\n{# LOW IMPACT 1X then MAB Template #}\npolicy-map type control subscriber PMAP_DefaultWiredDot1xLowImpactAuth_1X_MAB\n event session-started match-all\n  10 class always do-until-failure\n   10 authenticate using dot1x retries 2 retry-time 0 priority 10\n event authentication-failure match-first\n  5 class DOT1X_FAILED do-until-failure\n   10 terminate dot1x\n   20 authenticate using mab priority 20\n  10 class AAA_SVR_DOWN_UNAUTHD_HOST do-until-failure\n   25 activate service-template DefaultCriticalAccess_SRV_TEMPLATE\n   30 authorize\n   40 pause reauthentication\n  20 class AAA_SVR_DOWN_AUTHD_HOST do-until-failure\n   10 pause reauthentication\n   20 authorize\n  30 class DOT1X_NO_RESP do-until-failure\n   10 terminate dot1x\n   20 authenticate using mab priority 20\n  40 class MAB_FAILED do-until-failure\n   10 terminate mab\n   20 authentication-restart 60\n  50 class DOT1X_TIMEOUT do-until-failure\n   10 terminate dot1x\n   20 authenticate using mab priority 20\n  60 class always do-until-failure\n   10 terminate dot1x\n   20 terminate mab\n   30 authentication-restart 60\n event aaa-available match-all\n  10 class IN_CRITICAL_AUTH do-until-failure\n   10 clear-session\n  20 class NOT_IN_CRITICAL_AUTH do-until-failure\n   10 resume reauthentication\n event agent-found match-all\n  10 class always do-until-failure\n   10 terminate mab\n   20 authenticate using dot1x retries 2 retry-time 0 priority 10\n event inactivity-timeout match-all\n  10 class always do-until-failure\n   10 clear-session\n event authentication-success match-all\n event violation match-all\n  10 class always do-until-failure\n   10 restrict\n event authorization-failure match-all\n  10 class AUTHC_SUCCESS-AUTHZ_FAIL do-until-failure\n   10 authentication-restart 60\n!\n{# LOW IMPACT MAB then 1X Template #}\npolicy-map type control subscriber PMAP_DefaultWiredDot1xLowImpactAuth_MAB_1X\n event session-started match-all\n  10 class always do-until-failure\n   10 authenticate using mab priority 20\n event authentication-failure match-first\n  5 class DOT1X_FAILED do-until-failure\n   10 terminate dot1x\n   20 authentication-restart 60\n  10 class AAA_SVR_DOWN_UNAUTHD_HOST do-until-failure\n   25 activate service-template DefaultCriticalAccess_SRV_TEMPLATE\n   30 authorize\n   40 pause reauthentication\n  20 class AAA_SVR_DOWN_AUTHD_HOST do-until-failure\n   10 pause reauthentication\n   20 authorize\n  30 class MAB_FAILED do-until-failure\n   10 terminate mab\n   20 authenticate using dot1x retries 2 retry-time 0 priority 10\n  40 class DOT1X_NO_RESP do-until-failure\n   10 terminate dot1x\n   20 authentication-restart 60\n  50 class DOT1X_TIMEOUT do-until-failure\n   10 terminate dot1x\n   20 authenticate using mab priority 20\n  60 class always do-until-failure\n   10 terminate mab\n   20 terminate dot1x\n   30 authentication-restart 60\n event aaa-available match-all\n  10 class IN_CRITICAL_AUTH do-until-failure\n   10 clear-session\n  20 class NOT_IN_CRITICAL_AUTH do-until-failure\n   10 resume reauthentication\n event agent-found match-all\n  10 class always do-until-failure\n   10 terminate mab\n   20 authenticate using dot1x retries 2 retry-time 0 priority 10\n event inactivity-timeout match-all\n  10 class always do-until-failure\n   10 clear-session\n event authentication-success match-all\n event violation match-all\n  10 class always do-until-failure\n   10 restrict\n event authorization-failure match-all\n  10 class AUTHC_SUCCESS-AUTHZ_FAIL do-until-failure\n   10 authentication-restart 60\n!\n{# Open 1X then MAB Template #}\npolicy-map type control subscriber PMAP_DefaultWiredDot1xOpenAuth_1X_MAB\n event session-started match-all\n  10 class always do-until-failure\n   10 authenticate using dot1x retries 2 retry-time 0 priority 10\n event authentication-failure match-first\n  5 class DOT1X_FAILED do-until-failure\n   10 terminate dot1x\n   20 authenticate using mab priority 20\n  10 class AAA_SVR_DOWN_UNAUTHD_HOST do-until-failure\n   30 authorize\n   40 pause reauthentication\n  20 class AAA_SVR_DOWN_AUTHD_HOST do-until-failure\n   10 pause reauthentication\n   20 authorize\n  30 class DOT1X_NO_RESP do-until-failure\n   10 terminate dot1x\n   20 authenticate using mab priority 20\n  40 class MAB_FAILED do-until-failure\n   10 terminate mab\n   20 authentication-restart 60\n  50 class DOT1X_TIMEOUT do-until-failure\n   10 terminate dot1x\n   20 authenticate using mab priority 20\n  60 class always do-until-failure\n   10 terminate dot1x\n   20 terminate mab\n   30 authentication-restart 60\n event aaa-available match-all\n  10 class IN_CRITICAL_AUTH do-until-failure\n   10 clear-session\n  20 class NOT_IN_CRITICAL_AUTH do-until-failure\n   10 resume reauthentication\n event agent-found match-all\n  10 class always do-until-failure\n   10 terminate mab\n   20 authenticate using dot1x retries 2 retry-time 0 priority 10\n event inactivity-timeout match-all\n  10 class always do-until-failure\n   10 clear-session\n event authentication-success match-all\n event violation match-all\n  10 class always do-until-failure\n   10 restrict\n event authorization-failure match-all\n  10 class AUTHC_SUCCESS-AUTHZ_FAIL do-until-failure\n   10 authentication-restart 60\n!\n{# Open MAB then 1X Template #}\npolicy-map type control subscriber PMAP_DefaultWiredDot1xOpenAuth_MAB_1X\n event session-started match-all\n  10 class always do-until-failure\n   10 authenticate using mab priority 20\n event authentication-failure match-first\n  5 class DOT1X_FAILED do-until-failure\n   10 terminate dot1x\n   20 authentication-restart 60\n  10 class AAA_SVR_DOWN_UNAUTHD_HOST do-until-failure\n   30 authorize\n   40 pause reauthentication\n  20 class AAA_SVR_DOWN_AUTHD_HOST do-until-failure\n   10 pause reauthentication\n   20 authorize\n  30 class MAB_FAILED do-until-failure\n   10 terminate mab\n   20 authenticate using dot1x retries 2 retry-time 0 priority 10\n  40 class DOT1X_NO_RESP do-until-failure\n   10 terminate dot1x\n   20 authentication-restart 60\n  50 class DOT1X_TIMEOUT do-until-failure\n   10 terminate dot1x\n   20 authenticate using mab priority 20\n  60 class always do-until-failure\n   10 terminate mab\n   20 terminate dot1x\n   30 authentication-restart 60\n event aaa-available match-all\n  10 class IN_CRITICAL_AUTH do-until-failure\n   10 clear-session\n  20 class NOT_IN_CRITICAL_AUTH do-until-failure\n   10 resume reauthentication\n event agent-found match-all\n  10 class always do-until-failure\n   10 terminate mab\n   20 authenticate using dot1x retries 2 retry-time 0 priority 10\n event inactivity-timeout match-all\n  10 class always do-until-failure\n   10 clear-session\n event authentication-success match-all\n event violation match-all\n  10 class always do-until-failure\n   10 restrict\n event authorization-failure match-all\n  10 class AUTHC_SUCCESS-AUTHZ_FAIL do-until-failure\n   10 authentication-restart 60\n!\n{# CTS SGACL Enforcement #}\ncts role-based enforcement\n{% macro configure_cts(vlanpairs) %}\n  cts role-based enforcement vlan-list 1,{{ vlanpairs|join(',', attribute='vlan') }}\n{% endmacro %} \n!",
    "promotedTemplateParams": [],
    "customParamsOrder": false,
    "createTime": 1675030354464,
    "lastUpdateTime": 1675547617484,
    "latestVersionTime": 1675547623716,
    "validationErrors": {
      "templateErrors": [],
      "rollbackTemplateErrors": [],
      "templateId": "0a0c2026-f8c7-4af1-92d1-de3bda2ee00a",
      "templateVersion": null
    },
    "projectAssociated": true,
    "documentDatabase": false
  }
]