[
  {
    "name": "Interfaces-Autoconf-Configuration",
    "description": "AutoConf Configuration for VLANs and Host facing ports.",
    "tags": [],
    "deviceTypes": [
      {
        "productFamily": "Switches and Hubs",
        "productSeries": "Cisco Catalyst 9300 Series Switches"
      }
    ],
    "softwareType": "IOS",
    "softwareVariant": "XE",
    "templateContent": "{# Interface Configurations #}\n{% include \"DNAC-Templates-Samples/Interfaces-Macros\" %}\n{% include \"DNAC-Templates-Samples/VLAN-Configuration\" %}\n!\n{% set vlanArray = [] %}\n{% if Site == \"A\" %}\n  {{ configure_vlans(SiteAvlans) }}\n  {{ search_vlans(SiteAvlans) }}\n{% elif Site == \"B\" %}\n  {{ configure_vlans(SiteBvlans) }}\n  {{ search_vlans(SiteBvlans) }}\n{% endif %}\n!\n{# Determine whether target is Dual or Single Uplink Target #}\n{% set uplink_portarray = [] %}\n{% for interface in __interface %}\n  {% if interface.portMode == \"trunk\" && interface.interfaceType == \"Physical\" %}\n    {% do uplink_portarray.append(interface.portName) %}\n  {% endif %}\n{% endfor %}\n!\n{% if uplink_portarray | length == 2 %}\n  {{ configure_stp_dualuplink(vlanArray) }}\n{% elif uplink_portarray | length == 1 %}\n  {{ configure_stp_singleuplink(vlanArray) }}\n{% endif %}\n!\n{{ autoconf_accesspoint(vlanArray[0]) }}\n{{ autoconf_workstation(vlanArray[1], vlanArray[2]) }}\n{{ autoconf_baseconfig(vlanArray[1]) }}\n!\n{% include \"DNAC-Templates-Samples/AutoConf-Configuration\" %}\n!\n{# Interface Interations #}\n!\n{# System Variable example interfaces in one logical code construct #}\n{% for interface in __interface %}\n  {% if interface.interfaceType == \"Physical\" && interface.portName.replaceAll(\"(^[a-zA-Z]+).*\",\"$1\") == \"GigabitEthernet\"  %}\n    {% if interface.portName.replaceAll(\"(^[a-zA-Z]+.).*\", \"$1\") != \"GigabitEthernet0\" %}\n      {% if interface.portName.replaceAll(\"^[a-zA-Z]+(\\\\d+)/(\\\\d+)/(\\\\d+)\", \"$2\") != 1 %}\n        interface {{ interface.portName }}\n          {{ baseconf_interface() }}\n      {% endif %}\n    {% endif %}\n  {% endif %}\n{% endfor %}\n!\ninterface GigabitEthernet0/0\n no ip address\n shutdown\n!\n",
    "rollbackTemplateContent": "",
    "templateParams": [
      {
        "parameterName": "voice_number",
        "dataType": "STRING",
        "defaultValue": null,
        "description": null,
        "required": false,
        "notParam": true,
        "paramArray": false,
        "instructionText": null,
        "group": null,
        "order": 4,
        "customOrder": 0,
        "selection": {
          "selectionType": null,
          "selectionValues": {},
          "defaultSelectedValues": [],
          "id": null
        },
        "range": [],
        "key": null,
        "provider": null,
        "binding": "",
        "displayName": null
      },
      {
        "parameterName": "vlan_number",
        "dataType": "STRING",
        "defaultValue": null,
        "description": null,
        "required": false,
        "notParam": true,
        "paramArray": false,
        "instructionText": null,
        "group": null,
        "order": 3,
        "customOrder": 0,
        "selection": {
          "selectionType": null,
          "selectionValues": {},
          "defaultSelectedValues": [],
          "id": null
        },
        "range": [],
        "key": null,
        "provider": null,
        "binding": "",
        "displayName": null
      },
      {
        "parameterName": "__interface",
        "dataType": "STRING",
        "defaultValue": null,
        "description": null,
        "required": true,
        "notParam": false,
        "paramArray": true,
        "instructionText": null,
        "group": null,
        "order": 2,
        "customOrder": 0,
        "selection": {
          "selectionType": "MULTI_SELECT",
          "selectionValues": {},
          "defaultSelectedValues": [],
          "id": null
        },
        "range": [],
        "key": null,
        "provider": null,
        "binding": "",
        "displayName": null
      },
      {
        "parameterName": "Site",
        "dataType": "STRING",
        "defaultValue": null,
        "description": "The Letter denotes the VLAN Schema\n         AP, Data, Voice, Guest, Disabled\nA = 10,20,30,40,99\nB = 20,30,40,50,99",
        "required": true,
        "notParam": false,
        "paramArray": false,
        "instructionText": null,
        "group": null,
        "order": 1,
        "customOrder": 0,
        "selection": {
          "selectionType": "SINGLE_SELECT",
          "selectionValues": {
            "A": "A",
            "B": "B"
          },
          "defaultSelectedValues": [
            "A"
          ],
          "id": null
        },
        "range": [],
        "key": null,
        "provider": null,
        "binding": "",
        "displayName": "VLAN Schema for Site"
      }
    ],
    "rollbackTemplateParams": [],
    "composite": false,
    "containingTemplates": [],
    "language": "JINJA",
    "promotedTemplateContent": "{# Interface Configurations #}\n{% include \"DNAC-Templates-Samples/Interfaces-Macros\" %}\n{% include \"DNAC-Templates-Samples/VLAN-Configuration\" %}\n!\n{% set vlanArray = [] %}\n{% if Site == \"A\" %}\n  {{ configure_vlans(SiteAvlans) }}\n  {{ search_vlans(SiteAvlans) }}\n{% elif Site == \"B\" %}\n  {{ configure_vlans(SiteBvlans) }}\n  {{ search_vlans(SiteBvlans) }}\n{% endif %}\n!\n{# Determine whether target is Dual or Single Uplink Target #}\n{% set uplink_portarray = [] %}\n{% for interface in __interface %}\n  {% if interface.portMode == \"trunk\" && interface.interfaceType == \"Physical\" %}\n    {% do uplink_portarray.append(interface.portName) %}\n  {% endif %}\n{% endfor %}\n!\n{% if uplink_portarray | length == 2 %}\n  {{ configure_stp_dualuplink(vlanArray) }}\n{% elif uplink_portarray | length == 1 %}\n  {{ configure_stp_singleuplink(vlanArray) }}\n{% endif %}\n!\n{{ autoconf_accesspoint(vlanArray[0]) }}\n{{ autoconf_workstation(vlanArray[1], vlanArray[2]) }}\n{{ autoconf_baseconfig(vlanArray[1]) }}\n!\n{% include \"DNAC-Templates-Samples/AutoConf-Configuration\" %}\n!\n{# Interface Interations #}\n!\n{# System Variable example interfaces in one logical code construct #}\n{% for interface in __interface %}\n  {% if interface.interfaceType == \"Physical\" && interface.portName.replaceAll(\"(^[a-zA-Z]+).*\",\"$1\") == \"GigabitEthernet\"  %}\n    {% if interface.portName.replaceAll(\"(^[a-zA-Z]+.).*\", \"$1\") != \"GigabitEthernet0\" %}\n      {% if interface.portName.replaceAll(\"^[a-zA-Z]+(\\\\d+)/(\\\\d+)/(\\\\d+)\", \"$2\") != 1 %}\n        interface {{ interface.portName }}\n          {{ baseconf_interface() }}\n      {% endif %}\n    {% endif %}\n  {% endif %}\n{% endfor %}\n!\ninterface GigabitEthernet0/0\n no ip address\n shutdown\n!\n",
    "promotedTemplateParams": [
      {
        "parameterName": "vlan_number",
        "dataType": "STRING",
        "defaultValue": null,
        "description": null,
        "required": false,
        "notParam": true,
        "paramArray": false,
        "instructionText": null,
        "group": null,
        "order": 3,
        "customOrder": 0,
        "selection": {
          "selectionType": null,
          "selectionValues": {},
          "defaultSelectedValues": [],
          "id": null
        },
        "range": [],
        "key": null,
        "provider": null,
        "binding": "",
        "id": null,
        "displayName": null
      },
      {
        "parameterName": "Site",
        "dataType": "STRING",
        "defaultValue": null,
        "description": "The Letter denotes the VLAN Schema\n         AP, Data, Voice, Guest, Disabled\nA = 10,20,30,40,99\nB = 20,30,40,50,99",
        "required": true,
        "notParam": false,
        "paramArray": false,
        "instructionText": null,
        "group": null,
        "order": 1,
        "customOrder": 0,
        "selection": {
          "selectionType": "SINGLE_SELECT",
          "selectionValues": {
            "A": "A",
            "B": "B"
          },
          "defaultSelectedValues": [
            "A"
          ],
          "id": null
        },
        "range": [],
        "key": null,
        "provider": null,
        "binding": "",
        "id": null,
        "displayName": "VLAN Schema for Site"
      },
      {
        "parameterName": "__interface",
        "dataType": "STRING",
        "defaultValue": null,
        "description": null,
        "required": true,
        "notParam": false,
        "paramArray": true,
        "instructionText": null,
        "group": null,
        "order": 2,
        "customOrder": 0,
        "selection": {
          "selectionType": "MULTI_SELECT",
          "selectionValues": {},
          "defaultSelectedValues": [],
          "id": null
        },
        "range": [],
        "key": null,
        "provider": null,
        "binding": "",
        "id": null,
        "displayName": null
      },
      {
        "parameterName": "voice_number",
        "dataType": "STRING",
        "defaultValue": null,
        "description": null,
        "required": false,
        "notParam": true,
        "paramArray": false,
        "instructionText": null,
        "group": null,
        "order": 4,
        "customOrder": 0,
        "selection": {
          "selectionType": null,
          "selectionValues": {},
          "defaultSelectedValues": [],
          "id": null
        },
        "range": [],
        "key": null,
        "provider": null,
        "binding": "",
        "id": null,
        "displayName": null
      }
    ],
    "customParamsOrder": false,
    "createTime": 1674762318655,
    "lastUpdateTime": 1675646686888,
    "latestVersionTime": 1674762318655,
    "validationErrors": {
      "templateErrors": [],
      "rollbackTemplateErrors": [],
      "templateId": "f498908f-1706-4e85-b3a1-2c23e02139ee",
      "templateVersion": null
    },
    "projectAssociated": true,
    "documentDatabase": false
  }
]