[
  {
    "name": "Interfaces-examples",
    "description": "How to configure interface examples.",
    "tags": [],
    "deviceTypes": [
      {
        "productFamily": "Switches and Hubs",
        "productSeries": "Cisco Catalyst 9300 Series Switches"
      }
    ],
    "softwareType": "IOS",
    "softwareVariant": "XE",
    "templateContent": "{# Interface Configurations #}\n{% include \"DNAC-Templates-Samples/Interfaces-Macros\" %}\n!\n{# Interface Interations #}\n!\n{# System Variable example interfaces in one logical code construct #}\n{% for interface in __interface %}\n  {% if interface.portMode == \"access\" && interface.interfaceType == \"Physical\" %}\n     interface {{ interface.portName }}\n       {{ access_interface(avlan) }}\n  {% endif %}\n{% endfor %}\n!\n{# Binding example interfaces in one logical code construct #}\n{% for interface in bindinterfaces %}\n  interface {{ interface.portname }}\n    {{ security_interface(svlan) }}\n{% endfor %}\n!\n{# Range example interfaces in one logical code construct #}\ninterface range 1/0/1-24\n    {{ workstation_interface(wvlan,vvlan) }}\n",
    "rollbackTemplateContent": "",
    "templateParams": [
      {
        "parameterName": "avlan",
        "dataType": "STRING",
        "defaultValue": null,
        "description": null,
        "required": true,
        "notParam": false,
        "paramArray": false,
        "instructionText": null,
        "group": null,
        "order": 2,
        "customOrder": 0,
        "selection": null,
        "range": [],
        "key": null,
        "provider": null,
        "binding": "",
        "displayName": null
      },
      {
        "parameterName": "bindinterfaces",
        "dataType": "STRING",
        "defaultValue": null,
        "description": null,
        "required": true,
        "notParam": false,
        "paramArray": true,
        "instructionText": null,
        "group": null,
        "order": 3,
        "customOrder": 0,
        "selection": {
          "selectionType": "MULTI_SELECT",
          "selectionValues": {},
          "defaultSelectedValues": [],
          "id": null
        },
        "range": [],
        "key": null,
        "provider": null,
        "binding": "{\"provider\":\"Inventory\",\"attributeToDisplay\":\"portName\",\"params\":[{\"type\":\"MANAGED_DEVICE_UUID\",\"scope\":\"RUNTIME\",\"value\":null},{\"type\":\"MANAGED_DEVICE_IP\",\"scope\":\"RUNTIME\",\"value\":null},{\"type\":\"MANAGED_DEVICE_HOSTNAME\",\"scope\":\"RUNTIME\",\"value\":null}],\"value\":null,\"source\":\"Inventory\",\"entity\":\"Interface\",\"attribute\":null,\"filterType\":\"\",\"filterValue\":\"\",\"filterByAttribute\":\"\"}",
        "displayName": null
      },
      {
        "parameterName": "wvlan",
        "dataType": "STRING",
        "defaultValue": null,
        "description": null,
        "required": true,
        "notParam": false,
        "paramArray": false,
        "instructionText": null,
        "group": null,
        "order": 4,
        "customOrder": 0,
        "selection": null,
        "range": [],
        "key": null,
        "provider": null,
        "binding": "",
        "displayName": null
      },
      {
        "parameterName": "__interface",
        "dataType": "STRING",
        "defaultValue": null,
        "description": null,
        "required": true,
        "notParam": false,
        "paramArray": true,
        "instructionText": null,
        "group": null,
        "order": 1,
        "customOrder": 0,
        "selection": {
          "selectionType": "MULTI_SELECT",
          "selectionValues": {},
          "defaultSelectedValues": [],
          "id": null
        },
        "range": [],
        "key": null,
        "provider": null,
        "binding": "",
        "displayName": null
      },
      {
        "parameterName": "vvlan",
        "dataType": "STRING",
        "defaultValue": null,
        "description": null,
        "required": true,
        "notParam": false,
        "paramArray": false,
        "instructionText": null,
        "group": null,
        "order": 5,
        "customOrder": 0,
        "selection": null,
        "range": [],
        "key": null,
        "provider": null,
        "binding": "",
        "displayName": null
      }
    ],
    "rollbackTemplateParams": [],
    "composite": false,
    "containingTemplates": [],
    "language": "JINJA",
    "promotedTemplateContent": "{# Interface Configurations #}\n{% include \"DNAC-Templates-Samples/Interfaces-Macros\" %}\n!\n{# Interface Interations #}\n!\n{# System Variable example interfaces in one logical code construct #}\n{% for interface in __interface %}\n  {% if interface.portMode == \"access\" && interface.interfaceType == \"Physical\" %}\n     interface {{ interface.portName }}\n       {{ access_interface(avlan) }}\n  {% endif %}\n{% endfor %}\n!\n{# Binding example interfaces in one logical code construct #}\n{% for interface in bindinterfaces %}\n  interface {{ interface.portname }}\n    {{ security_interface(svlan) }}\n{% endfor %}\n!\n{# Range example interfaces in one logical code construct #}\ninterface range 1/0/1-24\n    {{ workstation_interface(wvlan,vvlan) }}\n",
    "promotedTemplateParams": [
      {
        "parameterName": "__interface",
        "dataType": "STRING",
        "defaultValue": null,
        "description": null,
        "required": true,
        "notParam": false,
        "paramArray": true,
        "instructionText": null,
        "group": null,
        "order": 1,
        "customOrder": 0,
        "selection": {
          "selectionType": "MULTI_SELECT",
          "selectionValues": {},
          "defaultSelectedValues": [],
          "id": null
        },
        "range": [],
        "key": null,
        "provider": null,
        "binding": "",
        "id": null,
        "displayName": null
      },
      {
        "parameterName": "bindinterfaces",
        "dataType": "STRING",
        "defaultValue": null,
        "description": null,
        "required": true,
        "notParam": false,
        "paramArray": true,
        "instructionText": null,
        "group": null,
        "order": 3,
        "customOrder": 0,
        "selection": {
          "selectionType": "MULTI_SELECT",
          "selectionValues": {},
          "defaultSelectedValues": [],
          "id": null
        },
        "range": [],
        "key": null,
        "provider": null,
        "binding": "{\"provider\":\"Inventory\",\"attributeToDisplay\":\"portName\",\"params\":[{\"type\":\"MANAGED_DEVICE_UUID\",\"scope\":\"RUNTIME\",\"value\":null},{\"type\":\"MANAGED_DEVICE_IP\",\"scope\":\"RUNTIME\",\"value\":null},{\"type\":\"MANAGED_DEVICE_HOSTNAME\",\"scope\":\"RUNTIME\",\"value\":null}],\"value\":null,\"source\":\"Inventory\",\"entity\":\"Interface\",\"attribute\":null,\"filterType\":\"\",\"filterValue\":\"\",\"filterByAttribute\":\"\"}",
        "id": null,
        "displayName": null
      },
      {
        "parameterName": "vvlan",
        "dataType": "STRING",
        "defaultValue": null,
        "description": null,
        "required": true,
        "notParam": false,
        "paramArray": false,
        "instructionText": null,
        "group": null,
        "order": 5,
        "customOrder": 0,
        "selection": null,
        "range": [],
        "key": null,
        "provider": null,
        "binding": "",
        "id": null,
        "displayName": null
      },
      {
        "parameterName": "avlan",
        "dataType": "STRING",
        "defaultValue": null,
        "description": null,
        "required": true,
        "notParam": false,
        "paramArray": false,
        "instructionText": null,
        "group": null,
        "order": 2,
        "customOrder": 0,
        "selection": null,
        "range": [],
        "key": null,
        "provider": null,
        "binding": "",
        "id": null,
        "displayName": null
      },
      {
        "parameterName": "wvlan",
        "dataType": "STRING",
        "defaultValue": null,
        "description": null,
        "required": true,
        "notParam": false,
        "paramArray": false,
        "instructionText": null,
        "group": null,
        "order": 4,
        "customOrder": 0,
        "selection": null,
        "range": [],
        "key": null,
        "provider": null,
        "binding": "",
        "id": null,
        "displayName": null
      }
    ],
    "customParamsOrder": false,
    "createTime": 1674762318862,
    "lastUpdateTime": 1675547861362,
    "latestVersionTime": 1674762318862,
    "validationErrors": {
      "templateErrors": [],
      "rollbackTemplateErrors": [],
      "templateId": "20c0bc65-3fff-4492-84db-01503a39c4d2",
      "templateVersion": null
    },
    "projectAssociated": true,
    "documentDatabase": false
  }
]