[
  {
    "name": "Interfaces-Standard-Configuration",
    "description": "Standard Configuration for VLANs and Host facing ports.",
    "tags": [],
    "deviceTypes": [
      {
        "productFamily": "Switches and Hubs",
        "productSeries": "Cisco Catalyst 9300 Series Switches"
      }
    ],
    "softwareType": "IOS",
    "softwareVariant": "XE",
    "templateContent": "{# Interface Configurations #}\n{% include \"DNAC-Templates-Samples/Interfaces-Macros\" %}\n{% include \"DNAC-Templates-Samples/VLAN-Configuration\" %}\n!\n{% set vlanArray = [] %}\n{% if Site == \"A\" %}\n  {{ configure_vlans(SiteAvlans) }}\n  {{ search_vlans(SiteAvlans) }}\n{% elif Site == \"B\" %}\n  {{ configure_vlans(SiteBvlans) }}\n  {{ search_vlans(SiteBvlans) }}\n{% endif %}\n!\n{# Determine whether target is Dual or Single Uplink Target #}\n{% set uplink_portarray = [] %}\n{% for interface in __interface %}\n  {% if interface.portMode == \"trunk\" && interface.interfaceType == \"Physical\" %}\n    {% do uplink_portarray.append(interface.portName) %}\n  {% endif %}\n{% endfor %}\n!\n{% if uplink_portarray | length == 2 %}\n  {{ configure_stp_dualuplink(vlanArray) }}\n{% elif uplink_portarray | length == 1 %}\n  {{ configure_stp_singleuplink(vlanArray) }}\n{% endif %}\n!\n{# Interface Interations #}\n!\n{# System Variable example interfaces in one logical code construct #}\n{# Select and Configure Access Point interfaces#}\n{% set apintlog = [] %}\n!\n{% for apinterface in accesspoint_interfaces %}\n  {% for interface in __interface %}\n    {% if interface.portName == apinterface %}\n      interface {{ interface.portName }}\n       {{ accesspoint(vlanArray[0]) }}\n      {% do apintlog.append(interface.portName) %}\n    {% endif %}\n  {% endfor %}\n{% endfor %}\n!\n{# Automatically Configure Workstation Remaining interfaces#}\n{% for interface in __interface %}\n  {% if interface.interfaceType == \"Physical\" && interface.portName.replaceAll(\"(^[a-zA-Z]+).*\",\"$1\") == \"GigabitEthernet\"  %}\n    {% if interface.portName.replaceAll(\"(^[a-zA-Z]+.).*\", \"$1\") != \"GigabitEthernet0\" %}\n      {% if interface.portName.replaceAll(\"^[a-zA-Z]+(\\\\d+)/(\\\\d+)/(\\\\d+)\", \"$2\") != 1 %}\n        {% if interface.portName in apintlog %}\n        {% else %}\n          interface {{ interface.portName }}\n            {{ workstation_interface(vlanArray[1], vlanArray[2]) }}\n        {% endif %}\n      {% endif %}\n    {% endif %}\n  {% endif %}\n{% endfor %}\n!\ninterface GigabitEthernet0/0\n no ip address\n shutdown\n!\n",
    "rollbackTemplateContent": "",
    "templateParams": [
      {
        "parameterName": "Site",
        "dataType": "STRING",
        "defaultValue": null,
        "description": "The Letter denotes the VLAN Schema\n         AP, Data, Voice, Guest, Disabled\nA = 10,20,30,40,99\nB = 20,30,40,50,99",
        "required": true,
        "notParam": false,
        "paramArray": false,
        "instructionText": null,
        "group": null,
        "order": 1,
        "customOrder": 0,
        "selection": {
          "selectionType": "SINGLE_SELECT",
          "selectionValues": {
            "A": "A",
            "B": "B"
          },
          "defaultSelectedValues": [],
          "id": null
        },
        "range": [],
        "key": null,
        "provider": null,
        "binding": "",
        "displayName": "VLAN Schema for Site"
      },
      {
        "parameterName": "__interface",
        "dataType": "STRING",
        "defaultValue": null,
        "description": null,
        "required": true,
        "notParam": false,
        "paramArray": true,
        "instructionText": null,
        "group": null,
        "order": 2,
        "customOrder": 0,
        "selection": {
          "selectionType": "MULTI_SELECT",
          "selectionValues": {},
          "defaultSelectedValues": [],
          "id": null
        },
        "range": [],
        "key": null,
        "provider": null,
        "binding": "",
        "displayName": null
      },
      {
        "parameterName": "vlan_number",
        "dataType": "STRING",
        "defaultValue": null,
        "description": null,
        "required": false,
        "notParam": true,
        "paramArray": false,
        "instructionText": null,
        "group": null,
        "order": 4,
        "customOrder": 0,
        "selection": {
          "selectionType": null,
          "selectionValues": {},
          "defaultSelectedValues": [],
          "id": null
        },
        "range": [],
        "key": null,
        "provider": null,
        "binding": "",
        "displayName": null
      },
      {
        "parameterName": "accesspoint_interfaces",
        "dataType": "STRING",
        "defaultValue": null,
        "description": "Select the ports where Access Points will be connected. All other interfaces will be configured with Host facing connectivity for Workstations and Phones",
        "required": true,
        "notParam": false,
        "paramArray": true,
        "instructionText": null,
        "group": null,
        "order": 3,
        "customOrder": 0,
        "selection": {
          "selectionType": "MULTI_SELECT",
          "selectionValues": {},
          "defaultSelectedValues": [],
          "id": null
        },
        "range": [],
        "key": null,
        "provider": null,
        "binding": "{\"provider\":\"Inventory\",\"attributeToDisplay\":\"portName\",\"params\":[{\"type\":\"MANAGED_DEVICE_UUID\",\"scope\":\"RUNTIME\",\"value\":\"ff5570fe-dc7a-4a45-ab73-7551861a7959\"},{\"type\":\"MANAGED_DEVICE_IP\",\"scope\":\"RUNTIME\",\"value\":null},{\"type\":\"MANAGED_DEVICE_HOSTNAME\",\"scope\":\"RUNTIME\",\"value\":null}],\"value\":null,\"source\":\"Inventory\",\"entity\":\"Interface\",\"attribute\":\"portName\",\"filterType\":\"regex\",\"filterValue\":\"GigabitEthernet[1-9]/0/[1-9]+\",\"filterByAttribute\":\"portName\"}",
        "displayName": "Access Point Interfaces"
      }
    ],
    "rollbackTemplateParams": [],
    "composite": false,
    "containingTemplates": [],
    "language": "JINJA",
    "promotedTemplateContent": "{# Interface Configurations #}\n{% include \"DNAC-Templates-Samples/Interfaces-Macros\" %}\n{% include \"DNAC-Templates-Samples/VLAN-Configuration\" %}\n!\n{% set vlanArray = [] %}\n{% if Site == \"A\" %}\n  {{ configure_vlans(SiteAvlans) }}\n  {{ search_vlans(SiteAvlans) }}\n{% elif Site == \"B\" %}\n  {{ configure_vlans(SiteBvlans) }}\n  {{ search_vlans(SiteBvlans) }}\n{% endif %}\n!\n{# Determine whether target is Dual or Single Uplink Target #}\n{% set uplink_portarray = [] %}\n{% for interface in __interface %}\n  {% if interface.portMode == \"trunk\" && interface.interfaceType == \"Physical\" %}\n    {% do uplink_portarray.append(interface.portName) %}\n  {% endif %}\n{% endfor %}\n!\n{% if uplink_portarray | length == 2 %}\n  {{ configure_stp_dualuplink(vlanArray) }}\n{% elif uplink_portarray | length == 1 %}\n  {{ configure_stp_singleuplink(vlanArray) }}\n{% endif %}\n!\n{# Interface Interations #}\n!\n{# System Variable example interfaces in one logical code construct #}\n{# Select and Configure Access Point interfaces#}\n{% set apintlog = [] %}\n!\n{% for apinterface in accesspoint_interfaces %}\n  {% for interface in __interface %}\n    {% if interface.portName == apinterface %}\n      interface {{ interface.portName }}\n       {{ accesspoint(vlanArray[0]) }}\n      {% do apintlog.append(interface.portName) %}\n    {% endif %}\n  {% endfor %}\n{% endfor %}\n!\n{# Automatically Configure Workstation Remaining interfaces#}\n{% for interface in __interface %}\n  {% if interface.interfaceType == \"Physical\" && interface.portName.replaceAll(\"(^[a-zA-Z]+).*\",\"$1\") == \"GigabitEthernet\"  %}\n    {% if interface.portName.replaceAll(\"(^[a-zA-Z]+.).*\", \"$1\") != \"GigabitEthernet0\" %}\n      {% if interface.portName.replaceAll(\"^[a-zA-Z]+(\\\\d+)/(\\\\d+)/(\\\\d+)\", \"$2\") != 1 %}\n        {% if interface.portName in apintlog %}\n        {% else %}\n          interface {{ interface.portName }}\n            {{ workstation_interface(vlanArray[1], vlanArray[2]) }}\n        {% endif %}\n      {% endif %}\n    {% endif %}\n  {% endif %}\n{% endfor %}\n!\ninterface GigabitEthernet0/0\n no ip address\n shutdown\n!\n",
    "promotedTemplateParams": [
      {
        "parameterName": "Site",
        "dataType": "STRING",
        "defaultValue": null,
        "description": "The Letter denotes the VLAN Schema\n         AP, Data, Voice, Guest, Disabled\nA = 10,20,30,40,99\nB = 20,30,40,50,99",
        "required": true,
        "notParam": false,
        "paramArray": false,
        "instructionText": null,
        "group": null,
        "order": 1,
        "customOrder": 0,
        "selection": {
          "selectionType": "SINGLE_SELECT",
          "selectionValues": {
            "A": "A",
            "B": "B"
          },
          "defaultSelectedValues": [],
          "id": null
        },
        "range": [],
        "key": null,
        "provider": null,
        "binding": "",
        "id": null,
        "displayName": "VLAN Schema for Site"
      },
      {
        "parameterName": "__interface",
        "dataType": "STRING",
        "defaultValue": null,
        "description": null,
        "required": true,
        "notParam": false,
        "paramArray": true,
        "instructionText": null,
        "group": null,
        "order": 2,
        "customOrder": 0,
        "selection": {
          "selectionType": "MULTI_SELECT",
          "selectionValues": {},
          "defaultSelectedValues": [],
          "id": null
        },
        "range": [],
        "key": null,
        "provider": null,
        "binding": "",
        "id": null,
        "displayName": null
      },
      {
        "parameterName": "accesspoint_interfaces",
        "dataType": "STRING",
        "defaultValue": null,
        "description": "Select the ports where Access Points will be connected. All other interfaces will be configured with Host facing connectivity for Workstations and Phones",
        "required": true,
        "notParam": false,
        "paramArray": true,
        "instructionText": null,
        "group": null,
        "order": 3,
        "customOrder": 0,
        "selection": {
          "selectionType": "MULTI_SELECT",
          "selectionValues": {},
          "defaultSelectedValues": [],
          "id": null
        },
        "range": [],
        "key": null,
        "provider": null,
        "binding": "{\"provider\":\"Inventory\",\"attributeToDisplay\":\"portName\",\"params\":[{\"type\":\"MANAGED_DEVICE_UUID\",\"scope\":\"RUNTIME\",\"value\":\"ff5570fe-dc7a-4a45-ab73-7551861a7959\"},{\"type\":\"MANAGED_DEVICE_IP\",\"scope\":\"RUNTIME\",\"value\":null},{\"type\":\"MANAGED_DEVICE_HOSTNAME\",\"scope\":\"RUNTIME\",\"value\":null}],\"value\":null,\"source\":\"Inventory\",\"entity\":\"Interface\",\"attribute\":\"portName\",\"filterType\":\"regex\",\"filterValue\":\"GigabitEthernet[1-9]/0/[1-9]+\",\"filterByAttribute\":\"portName\"}",
        "id": null,
        "displayName": "Access Point Interfaces"
      },
      {
        "parameterName": "vlan_number",
        "dataType": "STRING",
        "defaultValue": null,
        "description": null,
        "required": false,
        "notParam": true,
        "paramArray": false,
        "instructionText": null,
        "group": null,
        "order": 4,
        "customOrder": 0,
        "selection": {
          "selectionType": null,
          "selectionValues": {},
          "defaultSelectedValues": [],
          "id": null
        },
        "range": [],
        "key": null,
        "provider": null,
        "binding": "",
        "id": null,
        "displayName": null
      }
    ],
    "customParamsOrder": false,
    "createTime": 1675089495213,
    "lastUpdateTime": 1675551465912,
    "latestVersionTime": 1675551473572,
    "validationErrors": {
      "templateErrors": [],
      "rollbackTemplateErrors": [],
      "templateId": "b27b9485-8076-4ed3-bc99-edad41e26942",
      "templateVersion": null
    },
    "projectAssociated": true,
    "documentDatabase": false
  }
]