[
  {
    "name": "Interfaces-Macros",
    "description": "Interface Macros for Host facing ports. Includes Standard Macro set, AutoConf Templates and Macros set, and IBNS 2.0 Templates and Macros set.",
    "tags": [],
    "deviceTypes": [
      {
        "productFamily": "Switches and Hubs",
        "productSeries": "Cisco Catalyst 9300 Series Switches"
      }
    ],
    "softwareType": "IOS",
    "softwareVariant": "XE",
    "templateContent": "{# General Interface Macro Section#}\n!\n{# Interface Access Macro #}\n{% macro access_interface(vlan_number) %}\n  switchport access vlan {{ vlan_number }}\n  switchport mode access\n  snmp trap mac-notification change added\n  snmp trap mac-notification change removed\n  spanning-tree portfast\n{% endmacro %}\n!\n{# Interface Access Point Macro for AP's #}\n{% macro accesspoint(vlan_number) %} \n   description Access Point Interface\n   switchport access vlan {{ vlan_number }}\n   switchport mode access\n   spanning-tree portfast\n{% endmacro %}\n!\n{# Interface FLex-Access Point Macro for Flex AP's #}\n{% macro flexaccesspoint(vlan_number, data_number, voice_number, guest_number) %} \n   description Flex Access Point Interface\n   switchport mode trunk\n   switchport trunk native vlan {{ vlan_number }}\n   switchport trunk allowed vlan {{ vlan_number }},{{ data_number }},{{ voice_number}},{{ guest_number }}\n   spanning-tree portfast trunk\n{% endmacro %}\n!\n{# Interface Workstations with Voice Macro #}\n{% macro workstation_interface(vlan_number, voice_number) %}\n  description Workstation Interface\n  switchport access vlan {{ vlan_number }}\n  switchport voice vlan {{ voice_number }}\n  switchport mode access\n  snmp trap mac-notification change added\n  snmp trap mac-notification change removed\n  spanning-tree portfast\n{% endmacro %}\n\n{# --------------------------------------------------------------- #}\n\n{# AutoConf Macro Section #}\n{# AutoConf Base Configuration Macro #}\n{% macro baseconf_interface() %}\n     switchport mode access\n     snmp trap mac-notification change added\n     snmp trap mac-notification change removed\n     source template BASE\n{% endmacro %}\n!\n{# Interface Access Point Template to be used with Autoconf for AP's #}\n{% macro autoconf_accesspoint(vlan_number) %} \n  template ACCESS_POINT\n   description Access Point Interface\n   switchport access vlan {{ vlan_number }}\n   switchport mode access\n   spanning-tree portfast\n{% endmacro %}\n!\n{# Interface FLex-Access Point Template to be used with Autoconf for Flex AP's #}\n{% macro autoconf_flexaccesspoint(vlan_number, data_number, voice_number, guest_number) %} \n  template FLEX_ACCESS_POINT\n   description Flex Access Point Interface\n   switchport mode trunk\n   switchport trunk native vlan {{ vlan_number }}\n   switchport trunk allowed vlan {{ vlan_number }},{{ data_number}},{{ voice_number}},{{ guest_number }}\n   spanning-tree portfast trunk\n{% endmacro %}\n!\n{# Interface Workstation Template to be used with Autoconf for AP's #}\n{% macro autoconf_workstation(vlan_number, voice_number) %} \n  template WORKSTATION\n   description Workstation Interface\n   switchport access vlan {{ vlan_number }}\n   switchport voice vlan {{ voice_number }}\n   switchport mode access\n   spanning-tree portfast\n{% endmacro %}\n!\n{# Interface Base Configuration Template to be used with Autoconf for baseconfig's #}\n{% macro autoconf_baseconfig(vlan_number) %} \n  template BASE\n   description Base Config\n   switchport access vlan {{ vlan_number }}\n   switchport mode access\n   spanning-tree portfast\n{% endmacro %}\n\n{# --------------------------------------------------------------- #}\n\n{# IBNS2.0 Macro Section #}\n{# Interface Base Configuration IBNS2.0 Template Macro #}\n{% macro ibns_baseconf_interface() %}\n  description BASE CONFIG\n  switchport mode access\n  snmp trap mac-notification change added\n  snmp trap mac-notification change removed\n  spanning-tree portfast\n  spanning-tree bpduguard enable\n  source template BASE\n{% endmacro %}\n!\n{# Interface Access Point IBNS2.0 Template Macro #}\n{% macro ibns_accesspoint(vlan_number) %} \n  template ACCESS_POINT\n   description Access Point Interface\n   switchport access vlan {{ vlan_number }}\n   dot1x pae authenticator\n   dot1x timeout supp-timeout 7\n   dot1x max-req 3\n   mab\n   access-session port-control auto\n   authentication periodic\n   authentication timer reauthenticate server\n   {#ip access-group ACL-DEFAULT in#}\n   service-policy type control subscriber PMAP_DefaultWiredDot1xClosedAuth_MAB_1X\n{% endmacro %}\n!\n{# Interface FLex-Access Point IBNS2.0 Template Macro #}\n{% macro ibns_flexaccesspoint(vlan_number, data_number, voice_number, guest_number) %} \n  template FLEX_ACCESS_POINT\n   description Flex Access Point Interface\n   switchport mode trunk\n   switchport trunk native vlan {{ vlan_number }}\n   switchport trunk allowed vlan {{ vlan_number }},{{ data_number }},{{ voice_number}},{{ guest_number }}\n   dot1x pae authenticator\n   dot1x timeout supp-timeout 7\n   dot1x max-req 3\n   mab\n   access-session interface-template sticky timer 30\n   access-session port-control auto\n   authentication periodic\n   authentication timer reauthenticate server\n   {#ip access-group ACL-DEFAULT in#}\n   service-policy type control subscriber PMAP_DefaultWiredDot1xClosedAuth_MAB_1X\n{% endmacro %}\n!\n{# Interface Workstation Access IBNS2.0 Template Macro #}\n{% macro ibns_workstation(vlan_number, voice_number) %} \n  template WORKSTATION\n   description Workstation\n   switchport access vlan {{ vlan_number }}\n   switchport mode access\n   switchport voice vlan {{ voice_number }}\n   dot1x pae authenticator\n   dot1x timeout supp-timeout 7\n   dot1x max-req 3\n   mab\n   access-session closed\n   access-session port-control auto\n   authentication periodic\n   authentication timer reauthenticate server\n   service-policy type control subscriber PMAP_DefaultWiredDot1xClosedAuth_1X_MAB\n{% endmacro %}\n!\n{# Interface Guest Access IBNS2.0 Template Macro #}\n{% macro ibns_guest(vlan_number) %} \n  template GUEST\n   description Guest Interface\n   switchport access vlan {{ vlan_number }}\n   switchport mode access\n   dot1x pae authenticator\n   dot1x timeout supp-timeout 7\n   dot1x max-req 3\n   mab\n   access-session closed\n   access-session port-control auto\n   authentication periodic\n   authentication timer reauthenticate server\n   service-policy type control subscriber PMAP_DefaultWiredDot1xClosedAuth_1X_MAB\n{% endmacro %}\n!\n{# Interface Base Configuration IBNS2.0 Template Macro #}\n{% macro ibns_baseconfig(vlan_number) %} \n  template BASE\n   description BASE CONFIG\n   switchport access vlan {{ vlan_number }}\n   switchport mode access\n   dot1x pae authenticator\n   dot1x timeout supp-timeout 7\n   dot1x max-req 3\n   mab\n   access-session closed\n   access-session port-control auto\n   authentication periodic\n   authentication timer reauthenticate server\n   service-policy type control subscriber PMAP_DefaultWiredDot1xClosedAuth_1X_MAB\n{% endmacro %}\n\n{# --------------------------------------------------------------- #}\n\n\n",
    "rollbackTemplateContent": "",
    "templateParams": [],
    "rollbackTemplateParams": [],
    "composite": false,
    "containingTemplates": [],
    "language": "JINJA",
    "promotedTemplateContent": "{# General Interface Macro Section#}\n!\n{# Interface Access Macro #}\n{% macro access_interface(vlan_number) %}\n  switchport access vlan {{ vlan_number }}\n  switchport mode access\n  snmp trap mac-notification change added\n  snmp trap mac-notification change removed\n  spanning-tree portfast\n{% endmacro %}\n!\n{# Interface Access Point Macro for AP's #}\n{% macro accesspoint(vlan_number) %} \n   description Access Point Interface\n   switchport access vlan {{ vlan_number }}\n   switchport mode access\n   spanning-tree portfast\n{% endmacro %}\n!\n{# Interface FLex-Access Point Macro for Flex AP's #}\n{% macro flexaccesspoint(vlan_number, data_number, voice_number, guest_number) %} \n   description Flex Access Point Interface\n   switchport mode trunk\n   switchport trunk native vlan {{ vlan_number }}\n   switchport trunk allowed vlan {{ vlan_number }},{{ data_number }},{{ voice_number}},{{ guest_number }}\n   spanning-tree portfast trunk\n{% endmacro %}\n!\n{# Interface Workstations with Voice Macro #}\n{% macro workstation_interface(vlan_number, voice_number) %}\n  description Workstation Interface\n  switchport access vlan {{ vlan_number }}\n  switchport voice vlan {{ voice_number }}\n  switchport mode access\n  snmp trap mac-notification change added\n  snmp trap mac-notification change removed\n  spanning-tree portfast\n{% endmacro %}\n\n{# --------------------------------------------------------------- #}\n\n{# AutoConf Macro Section #}\n{# AutoConf Base Configuration Macro #}\n{% macro baseconf_interface() %}\n     switchport mode access\n     snmp trap mac-notification change added\n     snmp trap mac-notification change removed\n     source template BASE\n{% endmacro %}\n!\n{# Interface Access Point Template to be used with Autoconf for AP's #}\n{% macro autoconf_accesspoint(vlan_number) %} \n  template ACCESS_POINT\n   description Access Point Interface\n   switchport access vlan {{ vlan_number }}\n   switchport mode access\n   spanning-tree portfast\n{% endmacro %}\n!\n{# Interface FLex-Access Point Template to be used with Autoconf for Flex AP's #}\n{% macro autoconf_flexaccesspoint(vlan_number, data_number, voice_number, guest_number) %} \n  template FLEX_ACCESS_POINT\n   description Flex Access Point Interface\n   switchport mode trunk\n   switchport trunk native vlan {{ vlan_number }}\n   switchport trunk allowed vlan {{ vlan_number }},{{ data_number}},{{ voice_number}},{{ guest_number }}\n   spanning-tree portfast trunk\n{% endmacro %}\n!\n{# Interface Workstation Template to be used with Autoconf for AP's #}\n{% macro autoconf_workstation(vlan_number, voice_number) %} \n  template WORKSTATION\n   description Workstation Interface\n   switchport access vlan {{ vlan_number }}\n   switchport voice vlan {{ voice_number }}\n   switchport mode access\n   spanning-tree portfast\n{% endmacro %}\n!\n{# Interface Base Configuration Template to be used with Autoconf for baseconfig's #}\n{% macro autoconf_baseconfig(vlan_number) %} \n  template BASE\n   description Base Config\n   switchport access vlan {{ vlan_number }}\n   switchport mode access\n   spanning-tree portfast\n{% endmacro %}\n\n{# --------------------------------------------------------------- #}\n\n{# IBNS2.0 Macro Section #}\n{# Interface Base Configuration IBNS2.0 Template Macro #}\n{% macro ibns_baseconf_interface() %}\n  description BASE CONFIG\n  switchport mode access\n  snmp trap mac-notification change added\n  snmp trap mac-notification change removed\n  spanning-tree portfast\n  spanning-tree bpduguard enable\n  source template BASE\n{% endmacro %}\n!\n{# Interface Access Point IBNS2.0 Template Macro #}\n{% macro ibns_accesspoint(vlan_number) %} \n  template ACCESS_POINT\n   description Access Point Interface\n   switchport access vlan {{ vlan_number }}\n   dot1x pae authenticator\n   dot1x timeout supp-timeout 7\n   dot1x max-req 3\n   mab\n   access-session port-control auto\n   authentication periodic\n   authentication timer reauthenticate server\n   {#ip access-group ACL-DEFAULT in#}\n   service-policy type control subscriber PMAP_DefaultWiredDot1xClosedAuth_MAB_1X\n{% endmacro %}\n!\n{# Interface FLex-Access Point IBNS2.0 Template Macro #}\n{% macro ibns_flexaccesspoint(vlan_number, data_number, voice_number, guest_number) %} \n  template FLEX_ACCESS_POINT\n   description Flex Access Point Interface\n   switchport mode trunk\n   switchport trunk native vlan {{ vlan_number }}\n   switchport trunk allowed vlan {{ vlan_number }},{{ data_number }},{{ voice_number}},{{ guest_number }}\n   dot1x pae authenticator\n   dot1x timeout supp-timeout 7\n   dot1x max-req 3\n   mab\n   access-session interface-template sticky timer 30\n   access-session port-control auto\n   authentication periodic\n   authentication timer reauthenticate server\n   {#ip access-group ACL-DEFAULT in#}\n   service-policy type control subscriber PMAP_DefaultWiredDot1xClosedAuth_MAB_1X\n{% endmacro %}\n!\n{# Interface Workstation Access IBNS2.0 Template Macro #}\n{% macro ibns_workstation(vlan_number, voice_number) %} \n  template WORKSTATION\n   description Workstation\n   switchport access vlan {{ vlan_number }}\n   switchport mode access\n   switchport voice vlan {{ voice_number }}\n   dot1x pae authenticator\n   dot1x timeout supp-timeout 7\n   dot1x max-req 3\n   mab\n   access-session closed\n   access-session port-control auto\n   authentication periodic\n   authentication timer reauthenticate server\n   service-policy type control subscriber PMAP_DefaultWiredDot1xClosedAuth_1X_MAB\n{% endmacro %}\n!\n{# Interface Guest Access IBNS2.0 Template Macro #}\n{% macro ibns_guest(vlan_number) %} \n  template GUEST\n   description Guest Interface\n   switchport access vlan {{ vlan_number }}\n   switchport mode access\n   dot1x pae authenticator\n   dot1x timeout supp-timeout 7\n   dot1x max-req 3\n   mab\n   access-session closed\n   access-session port-control auto\n   authentication periodic\n   authentication timer reauthenticate server\n   service-policy type control subscriber PMAP_DefaultWiredDot1xClosedAuth_1X_MAB\n{% endmacro %}\n!\n{# Interface Base Configuration IBNS2.0 Template Macro #}\n{% macro ibns_baseconfig(vlan_number) %} \n  template BASE\n   description BASE CONFIG\n   switchport access vlan {{ vlan_number }}\n   switchport mode access\n   dot1x pae authenticator\n   dot1x timeout supp-timeout 7\n   dot1x max-req 3\n   mab\n   access-session closed\n   access-session port-control auto\n   authentication periodic\n   authentication timer reauthenticate server\n   service-policy type control subscriber PMAP_DefaultWiredDot1xClosedAuth_1X_MAB\n{% endmacro %}\n\n{# --------------------------------------------------------------- #}\n\n\n",
    "promotedTemplateParams": [],
    "customParamsOrder": false,
    "createTime": 1674762318702,
    "lastUpdateTime": 1675547759677,
    "latestVersionTime": 1674762318702,
    "validationErrors": {
      "templateErrors": [],
      "rollbackTemplateErrors": [],
      "templateId": "174befa0-bcf7-4d00-870c-18de64e3a31e",
      "templateVersion": null
    },
    "projectAssociated": true,
    "documentDatabase": false
  }
]