[
  {
    "name": "Stacking-Configuration",
    "description": "Used for 9300 and 9200 to automatically build Stackwise 9200 and 9300 switches and Powerstacks for 9300",
    "tags": [],
    "deviceTypes": [
      {
        "productFamily": "Switches and Hubs",
        "productSeries": "Cisco Catalyst 9300 Series Switches"
      }
    ],
    "softwareType": "IOS",
    "softwareVariant": "XE",
    "templateContent": "{#- 9300 Stack Power and 9300, 9200 Priority -#}\n{% set StackCount = __device.platformId | split(\",\")  %}\n{% set StackMemberCount =  StackCount | length  -%}\n\n{% if StackMemberCount > 1 %}\n  {% if \"C93\" in __device.platformId %}\n     stack-power stack Powerstack1\n     mode redundant strict\n     {% if StackMemberCount > 4 %}\n        stack-power stack Powerstack2\n        mode redundant strict\n     {% endif %}\n     {% for Switch in range(0,StackMemberCount,1) %}\n        {% if loop.index <= (StackMemberCount/2|round('ceil')) %}\n           stack-power switch {{ loop.index }}\n           stack Powerstack1\n        {% elif loop.index > (StackMemberCount/2|round('ceil')) %}\n           stack-power switch {{ loop.index }}\n           stack Powerstack2\n        {% endif %}\n     {% endfor %}\n  {% endif %}\n  #MODE_ENABLE\n  {% for Switch in range(0,StackMemberCount,1) %}\n    {% if loop.index == 1 %}\n       switch {{ loop.index }} priority 10\n    {% elif Switch == 2 %}\n       switch {{ loop.index }} priority 9\n    {% else %}\n       switch {{ loop.index }} priority 8\n    {% endif %}\n  {% endfor %}\n  #MODE_END_ENABLE\n{% endif %}",
    "rollbackTemplateContent": "",
    "templateParams": [
      {
        "parameterName": "__device",
        "dataType": "STRING",
        "defaultValue": null,
        "description": null,
        "required": true,
        "notParam": false,
        "paramArray": false,
        "instructionText": null,
        "group": null,
        "order": 1,
        "customOrder": 0,
        "selection": null,
        "range": [],
        "key": null,
        "provider": null,
        "binding": "",
        "displayName": null
      }
    ],
    "rollbackTemplateParams": [],
    "composite": false,
    "containingTemplates": [],
    "language": "JINJA",
    "promotedTemplateContent": "{#- 9300 Stack Power and 9300, 9200 Priority -#}\n{% set StackCount = __device.platformId | split(\",\")  %}\n{% set StackMemberCount =  StackCount | length  -%}\n\n{% if StackMemberCount > 1 %}\n  {% if \"C93\" in __device.platformId %}\n     stack-power stack Powerstack1\n     mode redundant strict\n     {% if StackMemberCount > 4 %}\n        stack-power stack Powerstack2\n        mode redundant strict\n     {% endif %}\n     {% for Switch in range(0,StackMemberCount,1) %}\n        {% if loop.index <= (StackMemberCount/2|round('ceil')) %}\n           stack-power switch {{ loop.index }}\n           stack Powerstack1\n        {% elif loop.index > (StackMemberCount/2|round('ceil')) %}\n           stack-power switch {{ loop.index }}\n           stack Powerstack2\n        {% endif %}\n     {% endfor %}\n  {% endif %}\n  #MODE_ENABLE\n  {% for Switch in range(0,StackMemberCount,1) %}\n    {% if loop.index == 1 %}\n       switch {{ loop.index }} priority 10\n    {% elif Switch == 2 %}\n       switch {{ loop.index }} priority 9\n    {% else %}\n       switch {{ loop.index }} priority 8\n    {% endif %}\n  {% endfor %}\n  #MODE_END_ENABLE\n{% endif %}",
    "promotedTemplateParams": [
      {
        "parameterName": "__device",
        "dataType": "STRING",
        "defaultValue": null,
        "description": null,
        "required": true,
        "notParam": false,
        "paramArray": false,
        "instructionText": null,
        "group": null,
        "order": 1,
        "customOrder": 0,
        "selection": null,
        "range": [],
        "key": null,
        "provider": null,
        "binding": "",
        "id": null,
        "displayName": null
      }
    ],
    "customParamsOrder": false,
    "createTime": 1674762318611,
    "lastUpdateTime": 1675548141961,
    "latestVersionTime": 1674762318611,
    "validationErrors": {
      "templateErrors": [],
      "rollbackTemplateErrors": [],
      "templateId": "9beec1bb-9a23-434b-a8b1-c582ada9cfd0",
      "templateVersion": null
    },
    "projectAssociated": true,
    "documentDatabase": false
  }
]