[
  {
    "name": "SystemManagement-Configuration",
    "description": "Global configurations on Target",
    "tags": [],
    "deviceTypes": [
      {
        "productFamily": "Switches and Hubs",
        "productSeries": "Cisco Catalyst 9300 Series Switches"
      }
    ],
    "softwareType": "IOS",
    "softwareVariant": "XE",
    "templateContent": "{# System Management for Catalyst Only #}\n{% include \"DNAC-Templates-Samples/Sensitive-Info\" %}\n{% include \"DNAC-Templates-Samples/VLAN-Configuration\" %}\n\nno service pad\nservice timestamps debug datetime msec localtime\nservice timestamps log datetime msec localtime\nno platform punt-keepalive disable-kernel-core\n!\nspanning-tree mode rapid-pvst\nspanning-tree portfast default\nspanning-tree portfast bpduguard default\n!\n{%- include \"DNAC-Templates-Samples/ACL-Configuration\" -%}\n!\nsnmp-server location {{ snmpLocation }} \n{% for snmpCommunityString in snmpCommunityStrings %}\n  snmp-server community {{ snmpCommunityString['string'] }} RW 10\n{% endfor %}\n!\n{% for user in users %}\n  username {{ user.name }} priv {{ user.priv }} secret 9 {{ user.key }}\n{% endfor %}\n!\n",
    "rollbackTemplateContent": "",
    "templateParams": [
      {
        "parameterName": "snmpLocation",
        "dataType": "STRING",
        "defaultValue": null,
        "description": null,
        "required": true,
        "notParam": false,
        "paramArray": false,
        "instructionText": null,
        "group": null,
        "order": 1,
        "customOrder": 0,
        "selection": {
          "selectionType": null,
          "selectionValues": {},
          "defaultSelectedValues": [],
          "id": null
        },
        "range": [],
        "key": null,
        "provider": null,
        "binding": "",
        "displayName": null
      }
    ],
    "rollbackTemplateParams": [],
    "composite": false,
    "containingTemplates": [],
    "language": "JINJA",
    "promotedTemplateContent": "{# System Management for Catalyst Only #}\n{% include \"DNAC-Templates-Samples/Sensitive-Info\" %}\n{% include \"DNAC-Templates-Samples/VLAN-Configuration\" %}\n\nno service pad\nservice timestamps debug datetime msec localtime\nservice timestamps log datetime msec localtime\nno platform punt-keepalive disable-kernel-core\n!\nspanning-tree mode rapid-pvst\nspanning-tree portfast default\nspanning-tree portfast bpduguard default\n!\n{%- include \"DNAC-Templates-Samples/ACL-Configuration\" -%}\n!\nsnmp-server location {{ snmpLocation }} \n{% for snmpCommunityString in snmpCommunityStrings %}\n  snmp-server community {{ snmpCommunityString['string'] }} RW 10\n{% endfor %}\n!\n{% for user in users %}\n  username {{ user.name }} priv {{ user.priv }} secret 9 {{ user.key }}\n{% endfor %}\n!\n",
    "promotedTemplateParams": [
      {
        "parameterName": "snmpLocation",
        "dataType": "STRING",
        "defaultValue": null,
        "description": null,
        "required": true,
        "notParam": false,
        "paramArray": false,
        "instructionText": null,
        "group": null,
        "order": 1,
        "customOrder": 0,
        "selection": {
          "selectionType": null,
          "selectionValues": {},
          "defaultSelectedValues": [],
          "id": null
        },
        "range": [],
        "key": null,
        "provider": null,
        "binding": "",
        "id": null,
        "displayName": null
      }
    ],
    "customParamsOrder": false,
    "createTime": 1674762318741,
    "lastUpdateTime": 1675550157727,
    "latestVersionTime": 1674762318741,
    "validationErrors": {
      "templateErrors": [],
      "rollbackTemplateErrors": [],
      "templateId": "803f581e-579d-483f-b8cf-add3fd81f85d",
      "templateVersion": null
    },
    "projectAssociated": true,
    "documentDatabase": false
  }
]