[
  {
    "name": "Local User Management",
    "description": "",
    "tags": [],
    "deviceTypes": [
      {
        "productFamily": "Switches and Hubs",
        "productSeries": "Cisco Catalyst 9300 Series Switches"
      }
    ],
    "softwareType": "IOS",
    "softwareVariant": "XE",
    "templateContent": "## Replace all \"$\" in passwords with ${d} to avoid all $ being variables\n## #set ($d = \"$\")\nusername demouser1 secret C1sco12345\nusername demouser2 secret C1sco12345\n",
    "rollbackTemplateContent": "",
    "templateParams": [],
    "rollbackTemplateParams": [],
    "composite": false,
    "containingTemplates": [],
    "language": "VELOCITY",
    "customParamsOrder": false,
    "createTime": 1622739568725,
    "lastUpdateTime": 1622739613220,
    "latestVersionTime": 1622739617889,
    "validationErrors": {
      "templateErrors": [],
      "rollbackTemplateErrors": [],
      "templateId": "80787892-cfad-4613-b03b-ed50eeab04be"
    },
    "projectAssociated": true,
    "documentDatabase": false
  }
]