[
  {
    "name": "System Management",
    "description": "",
    "tags": [],
    "deviceTypes": [
      {
        "productFamily": "Switches and Hubs",
        "productSeries": "Cisco Catalyst 9300 Series Switches"
      }
    ],
    "softwareType": "IOS",
    "softwareVariant": "XE",
    "templateContent": "## System Management for Cat9k Only\nno service pad\nservice tcp-keepalives-in\nservice tcp-keepalives-out\nservice timestamps debug datetime msec localtime show-timezone\nservice timestamps log datetime msec show-timezone\nservice password-encryption\nservice sequence-numbers\n!\nip subnet-zero\nip dhcp snooping\n!\nlldp run\n!\nport-channel load-balance src-dst-ip\n!\nspanning-tree mode rapid-pvst\nspanning-tree portfast default\nspanning-tree portfast bpduguard default\n!\nerrdisable recovery cause all\nerrdisable recovery interval 30\n!\nip tftp blocksize 8184\n!\nudld enable\n!\nlogging buffered 64000 debug\nno logging console\nlogging trap notifications\n!\nsnmp-server contact Network Campus\nsnmp-server location ${location}\n!\nline con 0\n exec-timeout 15 0\n login authentication admin\n logging synchronous\n authorization exec admin\nline vty 0 15\n access-class 12 in\n exec-timeout 15 0\n login authentication admin\n logging synchronous\n authorization exec admin\n transport input ssh\n",
    "rollbackTemplateContent": "",
    "templateParams": [
      {
        "parameterName": "location",
        "dataType": "STRING",
        "defaultValue": "DNAC-LAB-DCLOUD",
        "description": null,
        "required": true,
        "notParam": false,
        "paramArray": false,
        "displayName": "Location",
        "instructionText": null,
        "group": null,
        "order": 1,
        "customOrder": 0,
        "selection": {
          "selectionType": null,
          "selectionValues": {},
          "defaultSelectedValues": [],
          "id": null
        },
        "range": [],
        "key": null,
        "provider": null,
        "binding": ""
      }
    ],
    "rollbackTemplateParams": [],
    "composite": false,
    "containingTemplates": [],
    "language": "VELOCITY",
    "customParamsOrder": false,
    "createTime": 1622739852359,
    "lastUpdateTime": 1622739910721,
    "latestVersionTime": 1622739915542,
    "validationErrors": {
      "templateErrors": [],
      "rollbackTemplateErrors": [],
      "templateId": "38a7fb6a-2218-4bea-87dd-935ca7b5cb02"
    },
    "projectAssociated": true,
    "documentDatabase": false
  }
]